STT,H? vÖ tàn,Ch?c v?,Khu v?c,NgÖy sinh,Email,Phone,M?NH,M?NH
1,Là Tr?ng Hi?u,Tr??ng phïng HÖnh ch†nh,HCM,19-08-75,le trong hieu@acb.com.vn,,TH?Y,??i Khà Th?y
2,Nguy?n Là Chung S?n,Tr??ng BP HÖnh ch†nh,HCM,10-05-81,nguyen le chung son@acb.com.vn,,M?C,Th?ch L?u M?c
3,Tr?nh XuÉn Khoa,Chuyàn viàn HÖnh ch†nh,HCM,10-01-82,trinh xuan khoa@acb.com.vn,,M?C,Th?ch L?u M?c
4,V? Th? Ki?u Di?m,NhÉn viàn hÖnh ch†nh,HCM,30-04-85,vo thi kieu diem@acb.com.vn,,KIM,H?i Trung Kim
5,Pham Thanh Uyàn,Chuyàn viàn HÖnh ch†nh,HCM,02-10-89,pham thanh uyen@acb.com.vn,,M?C,??i LÉm M?c
6,V??ng Th? Thanh NhÉn,T? tr??ng Kho ch?ng t?,HCM,13-02-79,vuong thi thanh nhan@acb.com.vn,,H?A,Thi?n Th??ng H?a
7,Ng? Th£y Ng?c,NV HÖnh Ch†nh,HCM,02-02-88,ngu thuy ngoc@acb.com.vn,,H?A,L? Trung H?a
8,Nguy?n Thanh H?ng,NV HÖnh Ch†nh,HCM,17-05-94,nguyen thanh hang@acb.com.vn,,H?A,S?n ??u H?a
9,Là Thanh XuÉn,NV HÖnh Ch†nh,HCM,24-09-97,le thanh xuan@acb.com.vn,,TH?Y,Giang H? Th?y
10,??ng Th? B°ch Y?n,NV HÖnh Ch†nh,HA NOI,24-09-69,dang thi bich yen@acb.com.vn,,TH?,??i D?ch Th?
11,Là V?n Lai,NV HÖnh Ch†nh,HA NOI,02-01-83,le van lai@acb.com.vn,,TH?Y,??i H?i Th?y
12,Tr?n Tr?ng Th†i,NV HÖnh Ch†nh - Kho ch?ng t?,KHO QUANG TRUNG,01-05-86,tran trong thai@acb.com.vn,,H?A,L? Trung H?a
13,?Öo HoÖng Th†i,NV HÖnh Ch†nh - Kho ch?ng t?,KHO QUANG TRUNG,10-06-89,dao hoang thai@acb.com.vn,,M?C,??i LÉm M?c
14,Pha?m Thi? T??i,NV HÖnh Ch†nh - Kho ch?ng t?,KHO H?NG Y?N,06-03-85,pham thi toi@acb.com.vn,,KIM,H?i Trung Kim
15,Nguy?n Du?t Phiàn,NV HÖnh Ch†nh - Kho ch?ng t?,KHO B?NH D??NG,23-10-91,nguyen duat phien@acb.com.vn,,TH?,L? BÖng Th?
16,Là H?ng Hïa,Tr??ng BP Ph†t tri?n m?ng l??i KPP,HCM,25-01-83,le hung hoa@acb.com.vn,,TH?Y,??i H?i Th?y
17,Nguy?n Th? Anh Th?,NhÉn viàn Ph†t tri?n m?ng l??i KPP,HCM,04-09-89,nguyen thi anh thu@acb.com.vn,,M?C,??i LÉm M?c
18,Th†i Th? ? Nhi,NhÉn viàn Ph†t tri?n m?ng l??i KPP,HCM,07-03-95,thai thi y nhi@acb.com.vn,,H?A,S?n ??u H?a
19,Huu?nh Quang Vinh,NhÉn viàn Ph†t tri?n m?ng l??i KPP,HCM,20-05-94,huuynh quang vinh@acb.com.vn,,H?A,S?n ??u H?a
20,Nguy?n TÖi ??c,NhÉn viàn Ph†t tri?n m?ng l??i KPP,HCM,05-02-88,nguyen tai duc@acb.com.vn,,H?A,L? Trung H?a
21,Nguy?n Tr?n Duy H?i,CTV Ph†t tri?n m?ng l??i KPP,HCM,16-09-97,nguyen tran duy hai@acb.com.vn,,TH?Y,Giang H? Th?y
22,?? Lan Ph??ng,NhÉn viàn Ph†t tri?n m?ng l??i KPP,HA NOI,03-05-90,do lan phuong@acb.com.vn,,TH?,L? BÖng Th?
23,An Huy Bçnh,NhÉn viàn Ph†t tri?n m?ng l??i KPP,HA NOI,15-05-84,an huy binh@acb.com.vn,,KIM,H?i Trung Kim
24,Nguy?n ??c Chung,Tr??ng BP Qu?n l? & khai th†c TS,HCM,17-06-82,nguyen duc chung@acb.com.vn,,TH?Y,??i H?i Th?y
25,Phóng B?o LÉm,T? tr??ng QLTS,HCM,16-03-77,phung bao lam@acb.com.vn,,TH?,Sa Trung Th?
26,Nguy?n Hu?nh Nh?t Thy,NV Qu?n l? & Khai th†c TS,HCM,12-10-92,nguyen huynh nhat thy@acb.com.vn,,KIM,Ki?m Phong Kim
27,Hu?nh Th? Ng?c Di?u,NV Qu?n l? & Khai th†c TS,HCM,27-02-87,huynh thi ngoc dieu@acb.com.vn,,H?A,L? Trung H?a
28,Hu?nh Ph£c T??ng Vi,NV Qu?n l? & Khai th†c TS,HCM,17-11-84,huynh phuc tuong vi@acb.com.vn,,KIM,H?i Trung Kim
29,??ng Ng?c Dung,NV Qu?n l? & Khai th†c TS,HCM,24-04-87,dang ngoc dung@acb.com.vn,,H?A,L? Trung H?a
30,Tr?n Minh Nh?t,NV Qu?n l? & Khai th†c TS,HCM,03-12-95,tran minh nhat@acb.com.vn,,H?A,S?n ??u H?a
31,Nguy?n V?nh TÖi,NV Qu?n l? & Khai th†c TS,HCM,08-10-87,nguyen vinh tai@acb.com.vn,,H?A,L? Trung H?a
32,Quan Qu?c Minh,NV T? qu?n l? tÖi s?n,HCM,29-12-69,quan quoc minh@acb.com.vn,,TH?,??i D?ch Th?
33,Huy?nh Thanh Tha?o ,NV T? qu?n l? tÖi s?n,HCM,28-05-88,huynh thanh thao @acb.com.vn,,M?C,??i LÉm M?c
34,Mai Ch° TÖi,NV T? qu?n l? tÖi s?n,HCM,16-10-97,mai chi tai@acb.com.vn,,TH?Y,Giang H? Th?y
35,Nguy?n Th? Anh Th?,NV Qu?n l? & Khai th†c TS,V?NG T?U,16-10-84,nguyen thi anh thu@acb.com.vn,,KIM,H?i Trung Kim
36,Tr??ng Ng?c Vinh,NV Qu?n l? & Khai th†c TS,HA NOI,23-01-86,truong ngoc vinh@acb.com.vn,,KIM,H?i Trung Kim
37,Là Th? H??ng,NV Qu?n l? & Khai th†c TS,HA NOI,06-11-81,le thi huong@acb.com.vn,,M?C,Th?ch L?u M?c
,,,,,,,,
,T?NG C?NG,37 ng??i,,,,,,
,M?nh Kim,7 ng??i,,,,,,
,M?nh M?c,7 ng??i,,,,,,
,M?nh Th?y,7 ng??i,,,,,,
,M?nh H?a,11 ng??i,,,,,,
,M?nh Th?,5 ng??i,,,,,,
